TEMPLATE,IMAGE,POST TITLE,URL,REACTIONS,COMMENTS,SHARES
Spurs Transfers ,images/spurstransfer.jpg,,,,,
Barcola Transfer Story,images/barcolalfcafc.jpg,,,,,
Garnacho Transfer Story,images/garnachotransfer.jpg,,,,,
Ndiaye Exclusive,images/ndiayeexclusive.jpg,,,,,
Spain Squad Announcement,images/spainsquad.jpg,,,,,
Chelsea Dream XI,images/chelseadreamxi.jpg,,,,,
Leaked LFC kit,images/leakedlfckit.jpg,,,,,
Shakhtar Explainer,images/shakhtarbrazil.jpg,,,,,
Broner Original,images/broneroriginal.jpg,,,,,
Ronaldo 200IQ ,images/ronaldoiq.jpg,,,,,
Iraola XI,images/iraolaxi.jpg,,,,,
Title Race Consequences,images/premierleaguetitlerace.jpg,,,,,
Ronaldo Transfer Story,images/ronaldochelseastory.jpg,,,,,
Turkey Unofficial World Champions,images/turkeyworldchamps.jpg,,,,,
City Point Deduction,images/citydeduction.jpg,,,,,
Golden Boot Explainer,images/worldcupgoldenbootrace.jpg,,,,,
UFC White House Leak,images/whitehouseleak.jpg,,,,,
Balogun Saga,images/balogunsaga.jpg,,,,,